{
  "block_names": {},
  "block_tags": {
    "minecraft:crops": {
      "chance": 0.01
    },
    "sereneseasons:winter_crops": {
      "chance": 0.01
    },
    "sereneseasons:spring_crops": {
      "chance": 0.01
    },
    "sereneseasons:summer_crops": {
      "chance": 0.01
    },
    "sereneseasons:autumn_crops": {
      "chance": 0.01
    }
  },
  "entity_names": {},
  "entity_type_tags": {},
  "black_list": {
    "block_names": [],
    "block_tags": [],
    "entity_names": [],
    "entity_type_tags": []
  }
}