{"skillLocks":{"alexmobs:blood_sprayer":["magic:12","mining:12"],"alexmobs:centipede_leggings":["defense:8","agility:16"],"alexmobs:chorus_on_a_stick":["farming:8"],"alexmobs:crocodile_chestplate":["defense:16","agility:16"],"alexmobs:dimensional_carver":["magic:46"],"alexmobs:emu_leggings":["defense:8","agility:8"],"alexmobs:enderiophage_rocket":["building:16"],"alexmobs:endolocator":["gathering:16","mining:20"],"alexmobs:frontier_cap":["gathering:14"],"alexmobs:froststalker_helmet":["defense:16","magic:4"],"alexmobs:ghostly_pickaxe":["mining:8","building:8"],"alexmobs:gustmaker":["building:8"],"alexmobs:hemolymph_blaster":["magic:20","mining:20"],"alexmobs:lava_bottle":["magic:8"],"alexmobs:moose_headgear":["attack:8","defense:12"],"alexmobs:pocket_sand":["farming:8"],"alexmobs:poison_bottle":["magic:6","farming:6"],"alexmobs:pupfish_locator":["farming:10"],"alexmobs:rainbow_jelly":["farming:2"],"alexmobs:roadrunner_boots":["defense:8","agility:8"],"alexmobs:rocky_chestplate":["agility:12","gathering:20"],"alexmobs:sculk_boomer":["building:14"],"alexmobs:shark_tooth_arrow":["agility:8"],"alexmobs:shattered_dimensional_carver":["magic:40","mining:30"],"alexmobs:shield_of_the_deep":["defense:20","magic:20"],"alexmobs:skelewag_sword":["agility:12"],"alexmobs:spike_turtle_shell":["defense:16","gathering:8"],"alexmobs:squid_grapple":["agility:4"],"alexmobs:stink_ray":["mining:12"],"alexmobs:straddleboard":["agility:24"],"alexmobs:tarantula_hawk_elytra":["gathering:40"],"alexmobs:tendon_whip":["agility:12","farming:16"],"alexmobs:transmutation_table":["farming:40","mining:36"],"alexmobs:unsettling_kimono":["gathering:26"],"alexmobs:vine_lasso":["agility:16","gathering:6"],"alexmobs:void_worm_beak":["building:40"],"aquamirae:abyssal_boots":["defense:30","agility:16"],"aquamirae:abyssal_brigantine":["defense:30","gathering:16"],"aquamirae:abyssal_heaume":["defense:30","gathering:20"],"aquamirae:abyssal_leggings":["defense:30","agility:16"],"aquamirae:abyssal_tiara":["defense:30","magic:20"],"aquamirae:coral_lance":["attack:22"],"aquamirae:dagger_of_greed":["attack:8","farming:18"],"aquamirae:dead_sea_scroll":["magic:6"],"aquamirae:divider":["attack:20","magic:30"],"aquamirae:fin_cutter":["attack:16","agility:16"],"aquamirae:luminescent_bubble":["building:18"],"aquamirae:maze_rose":["attack:12","magic:16"],"aquamirae:poisoned_blade":["attack:10","farming:6"],"aquamirae:poisoned_chakra":["attack:10","magic:10"],"aquamirae:remnants_saber":["attack:12","agility:12"],"aquamirae:shell_horn":["magic:24"],"aquamirae:terrible_boots":["defense:20","agility:8"],"aquamirae:terrible_chestplate":["defense:20","agility:8"],"aquamirae:terrible_helmet":["defense:20","agility:8"],"aquamirae:terrible_leggings":["defense:20","agility:8"],"aquamirae:terrible_sword":["attack:16","agility:24"],"aquamirae:three_bolt_boots":["defense:24","agility:12"],"aquamirae:three_bolt_helmet":["defense:24","agility:12"],"aquamirae:three_bolt_leggings":["defense:24","agility:12"],"aquamirae:three_bolt_suit":["defense:24","agility:12"],"aquamirae:whisper_of_the_abyss":["attack:24","magic:26"],"artifacts:anglers_hat":["farming:8"],"artifacts:antidote_vessel":["gathering:18"],"artifacts:aqua_dashers":["agility:8"],"artifacts:bunny_hoppers":["agility:4","gathering:6"],"artifacts:charm_of_sinking":["agility:14"],"artifacts:chorus_totem":["magic:18","gathering:22"],"artifacts:cowboy_hat":["gathering:8"],"artifacts:cross_necklace":["defense:8"],"artifacts:crystal_heart":["gathering:24"],"artifacts:digging_claws":["building:12"],"artifacts:everlasting_beef":["gathering:24"],"artifacts:eternal_steak":["gathering:24"],"artifacts:feral_claws":["agility:18"],"artifacts:fire_gauntlet":["magic:16"],"artifacts:flame_pendant":["farming:10"],"artifacts:flippers":["agility:8"],"artifacts:golden_hook":["farming:18"],"artifacts:helium_flamingo":["magic:18"],"artifacts:kitty_slippers":["gathering:6"],"artifacts:lucky_scarf":["farming:18"],"artifacts:night_vision_goggles":["mining:8"],"artifacts:novelty_drinking_hat":["gathering:16"],"artifacts:obsidian_skull":["defense:16"],"artifacts:onion_ring":["building:10"],"artifacts:panic_necklace":["agility:8"],"artifacts:pickaxe_heater":["mining:12"],"artifacts:plastic_drinking_hat":["gathering:16"],"artifacts:pocket_piston":["attack:10"],"artifacts:power_glove":["attack:26"],"artifacts:rooted_boots":["farming:10"],"artifacts:running_shoes":["agility:14"],"artifacts:scarf_of_invisibility":["magic:6"],"artifacts:shock_pendant":["farming:10"],"artifacts:snorkel":["agility:6"],"artifacts:snowshoes":["gathering:4"],"artifacts:steadfast_spikes":["defense:6"],"artifacts:superstitious_hat":["farming:14"],"artifacts:thorn_pendant":["farming:10"],"artifacts:umbrella":["magic:8"],"artifacts:universal_attractor":["farming:16"],"artifacts:vampiric_glove":["attack:16","gathering:16"],"artifacts:villager_hat":["farming:12"],"artifacts:whoopee_cushion":["mining:1"],"backpacked:backpack":["gathering:4"],"beachparty:fridge":["building:4"],"beachparty:tiki_bar":["building:4"],"betterend:diamond_hammer":["building:16"],"betterend:golden_hammer":["magic:2","building:4"],"betterend:iron_hammer":["building:8"],"betterend:netherite_hammer":["building:25"],"betterend:terminite_anvil":["building:20"],"betterend:terminite_axe":["attack:15","gathering:23"],"betterend:terminite_boots":["defense:22","agility:15"],"betterend:terminite_chestplate":["defense:23","agility:15"],"betterend:terminite_hammer":["building:23"],"betterend:terminite_helmet":["defense:23","agility:15"],"betterend:terminite_hoe":["farming:23"],"betterend:terminite_leggings":["defense:22","agility:15"],"betterend:terminite_pickaxe":["mining:23"],"betterend:terminite_shovel":["gathering:23"],"betterend:terminite_sword":["attack:23"],"betterend:thallasium_anvil":["building:10"],"betterend:thallasium_axe":["attack:12","gathering:12"],"betterend:thallasium_hoe":["farming:12"],"betterend:thallasium_shovel":["gathering:12"],"betterend:thallasium_sword":["attack:12"],"betternether:cincinnasite_anvil":["building:15"],"betternether:cincinnasite_axe":["attack:15","gathering:15"],"betternether:cincinnasite_axe_diamond":["gathering:22"],"betternether:cincinnasite_boots":["defense:22"],"betternether:cincinnasite_chestplate":["defense:23"],"betternether:cincinnasite_forge":["building:15"],"betternether:cincinnasite_helmet":["defense:23"],"betternether:cincinnasite_hoe":["farming:15"],"betternether:cincinnasite_hoe_diamond":["farming:22"],"betternether:cincinnasite_leggings":["defense:22"],"betternether:cincinnasite_pickaxe":["mining:15"],"betternether:cincinnasite_pickaxe_diamond":["mining:22"],"betternether:cincinnasite_shears":["gathering:15"],"betternether:cincinnasite_shovel":["gathering:15"],"betternether:cincinnasite_shovel_diamond":["gathering:22"],"betternether:cincinnasite_sword":["attack:23"],"betternether:cincinnasite_sword_diamond":["attack:22"],"betternether:flaming_ruby_axe":["gathering:25"],"betternether:flaming_ruby_boots":["defense:25"],"betternether:flaming_ruby_chestplate":["defense:25"],"betternether:flaming_ruby_helmet":["defense:25"],"betternether:flaming_ruby_hoe":["farming:25"],"betternether:flaming_ruby_leggings":["defense:25"],"betternether:flaming_ruby_pickaxe":["mining:25"],"betternether:flaming_ruby_shovel":["gathering:25"],"betternether:flaming_ruby_sword":["attack:25"],"betternether:nether_ruby_axe":["attack:15","gathering:23"],"betternether:nether_ruby_boots":["defense:22"],"betternether:nether_ruby_chestplate":["defense:23"],"betternether:nether_ruby_helmet":["defense:23"],"betternether:nether_ruby_hoe":["farming:23"],"betternether:nether_ruby_leggings":["defense:22"],"betternether:nether_ruby_pickaxe":["mining:23"],"betternether:nether_ruby_shovel":["gathering:23"],"betternether:nether_ruby_sword":["attack:23"],"betternether:nether_brewing_stand":["magic:8"],"born_in_chaos_v1:bone_heart":["gathering:4"],"born_in_chaos_v1:charmof_power":["magic:16"],"born_in_chaos_v1:charmof_resistance":["magic:16"],"born_in_chaos_v1:charmof_stealth":["magic:16"],"born_in_chaos_v1:charmof_endurance":["magic:16"],"born_in_chaos_v1:charmof_fury":["magic:16"],"born_in_chaos_v1:bonescaller_staff":["magic:20"],"born_in_chaos_v1:dark_metal_armor_boots":["defense:25","gathering:25"],"born_in_chaos_v1:dark_metal_armor_chestplate":["defense:25","gathering:25"],"born_in_chaos_v1:dark_metal_armor_helmet":["defense:25","gathering:25"],"born_in_chaos_v1:dark_metal_armor_leggings":["defense:25","gathering:25"],"born_in_chaos_v1:dark_ritual_dagger":["attack:8","magic:16"],"born_in_chaos_v1:darkwarblade":["attack:25","agility:20"],"born_in_chaos_v1:death_totem":["magic:12","gathering:16"],"born_in_chaos_v1:great_reaper_axe":["attack:16","gathering:16"],"born_in_chaos_v1:intoxicatind_bomb":["farming:6"],"born_in_chaos_v1:intoxicating_dagger":["attack:12","farming:8"],"born_in_chaos_v1:lord_pumpkinheads_hat_helmet":["building:8"],"born_in_chaos_v1:nightmare_mantleofthe_night_boots":["defense:16","magic:20"],"born_in_chaos_v1:nightmare_mantleofthe_night_chestplate":["defense:16","magic:20"],"born_in_chaos_v1:nightmare_mantleofthe_night_helmet":["defense:16","magic:20"],"born_in_chaos_v1:nightmare_mantleofthe_night_leggings":["defense:16","magic:20"],"born_in_chaos_v1:nightmare_scythe":["attack:18"],"born_in_chaos_v1:phantom_bomb":["mining:12"],"born_in_chaos_v1:pumpkin_staff":["mining:10"],"born_in_chaos_v1:sharpened_dark_metal_sword":["attack:12","agility:8"],"born_in_chaos_v1:shell_mace":["attack:14","agility:14"],"born_in_chaos_v1:skullbreaker_hammer":["attack:20","agility:15"],"born_in_chaos_v1:soul_cutlass":["attack:12"],"born_in_chaos_v1:soulbane":["attack:20","magic:20"],"born_in_chaos_v1:spiny_shell_armor_chestplate":["defense:20","gathering:14"],"born_in_chaos_v1:spiny_shell_armor_helmet":["defense:20","gathering:14"],"born_in_chaos_v1:spiny_shell_trap":["building:4"],"born_in_chaos_v1:spiritual_guide_sombrero_helmet":["defense:8","magic:12"],"born_in_chaos_v1:spiritual_sword":["attack:12","magic:8"],"born_in_chaos_v1:staffof_magic_arrows":["magic:8"],"born_in_chaos_v1:staffoffthe_summoner":["magic:8"],"born_in_chaos_v1:stimulating_bomb":["farming:6"],"born_in_chaos_v1:trident_hayfork":["attack:12","agility:6"],"born_in_chaos_v1:wood_splitter_axe":["attack:16","gathering:16"],"call_of_yucutan:blow_gun":["agility:8"],"call_of_yucutan:fist_of_doom":["attack:16","magic:16"],"call_of_yucutan:hanging_vine_hook":["agility:12"],"call_of_yucutan:hematite_shield":["defense:4","magic:4"],"call_of_yucutan:huracan_helmet":["defense:20"],"call_of_yucutan:jade_amulet":["farming:20"],"call_of_yucutan:jade_axe":["attack:16","gathering:20"],"call_of_yucutan:jade_hoe":["farming:20"],"call_of_yucutan:jade_pickaxe":["mining:20"],"call_of_yucutan:jade_shovel":["gathering:20"],"call_of_yucutan:jade_sword":["attack:20"],"call_of_yucutan:jades_boots":["defense:20"],"call_of_yucutan:jades_chestplate":["defense:20"],"call_of_yucutan:jades_helmet":["defense:20"],"call_of_yucutan:jades_leggings":["defense:20"],"call_of_yucutan:macuahuitl":["attack:14"],"call_of_yucutan:monkey_helmet":["defense:10","agility:16"],"call_of_yucutan:obsidian_spear":["attack:12"],"call_of_yucutan:obsidian_tecpatl":["attack:12","agility:6"],"call_of_yucutan:sentient_vine":["magic:12","building:16"],"call_of_yucutan:wand_of_radiance":["magic:22"],"call_of_yucutan:warrior_helmet":["defense:16","agility:16"],"cataclysm:athame":["attack:6","agility:14"],"cataclysm:bloom_stone_pauldrons":["defense:30","gathering:16"],"cataclysm:bone_reptile_chestplate":["defense:30","magic:25"],"cataclysm:bone_reptile_helmet":["defense:30","agility:25"],"cataclysm:bulwark_of_the_flame":["defense:30","magic:30"],"cataclysm:coral_bardiche":["attack:14","agility:22"],"cataclysm:coral_lance":["attack:16","agility:18"],"cataclysm:gauntlet_of_bulwark":["attack:32","magic:32"],"cataclysm:gauntlet_of_guard":["attack:32","defense:26","magic:32"],"cataclysm:ignitium_boots":["defense:30","magic:25"],"cataclysm:ignitium_chestplate":["defense:30","magic:25"],"cataclysm:ignitium_elytra_chestplate":["defense:30","magic:25","agility:25"],"cataclysm:ignitium_helmet":["defense:30","magic:25"],"cataclysm:ignitium_leggings":["defense:30","magic:25"],"cataclysm:infernal_forge":["attack:32"],"cataclysm:khopesh":["attack:8"],"cataclysm:laser_gatling":["mining:34"],"cataclysm:meat_shredder":["attack:36","mining:30"],"cataclysm:mechanical_fusion_anvil":["mining:36","building:40"],"cataclysm:monstrous_helm":["defense:30","gathering:24"],"cataclysm:sandstorm_in_a_bottle":["farming:12"],"cataclysm:the_incinerator":["attack:36","magic:30"],"cataclysm:tidal_claws":["agility:30"],"cataclysm:void_assault_shoulder_weapon":["magic:30"],"cataclysm:void_core":["magic:38"],"cataclysm:void_forge":["attack:35","magic:20"],"cataclysm:wither_assault_shoulder_weapon":["agility:30"],"cataclysm:black_steel_sword":["attack:8"],"cataclysm:black_steel_hoe":["farming:8"],"cataclysm:black_steel_axe":["gathering:8"],"cataclysm:black_steel_pickaxe":["mining:8"],"cataclysm:black_steel_shovel":["gathering:8"],"cataclysm:black_steel_targe":["defense:8"],"cataclysm:cursium_helmet":["defense:25","magic:35"],"cataclysm:cursium_chestplate":["defense:25","magic:35"],"cataclysm:cursium_leggings":["defense:25","magic:35"],"cataclysm:cursium_boots":["defense:25","magic:35"],"cataclysm:gauntlet_of_maelst":["magic:30"],"cataclysm:blazing_grips":["magic:30"],"cataclysm:cursed_bow":["agility:30"],"cataclysm:wrath_of_the_desert":["agility:30"],"cataclysm:soul_render":["attack:30","magic:35"],"cataclysm:the_annihilator":["attack:25","magic:35"],"cataclysm:the_immolator":["attack:25","magic:35"],"cataclysm:netherite_effigy":["gathering:30"],"cataclysm:ancient_spear":["attack:22","magic:26"],"cataclysm:coral_spear":["attack:16"],"artifacts:cloud_in_a_bottle":["agility:6"],"disenchanting:disenchanter":["magic:25"],"endrem:black_eye":["magic:20"],"endrem:cold_eye":["magic:20"],"endrem:corrupted_eye":["magic:20"],"endrem:cryptic_eye":["magic:20"],"endrem:cursed_eye":["magic:20"],"endrem:end_crystal_eye":["magic:20"],"endrem:evil_eye":["magic:20"],"endrem:exotic_eye":["magic:20"],"endrem:guardian_eye":["magic:20"],"endrem:lost_eye":["magic:20"],"endrem:magical_eye":["magic:20"],"endrem:nether_eye":["magic:20"],"endrem:old_eye":["magic:20"],"endrem:rogue_eye":["magic:20"],"endrem:undead_eye":["magic:20"],"endrem:witch_eye":["magic:20"],"endrem:wither_eye":["magic:20"],"grapplemod:grapplinghook":["agility:8"],"graplemod:longfallboots":["defense:16","gathering:14"],"grapplemod:launcheritem":["magic:20"],"iceandfire:amphitere_macuahuitl":["attack:10","agility:6"],"iceandfire:armor_amythest_boots":["defense:25","magic:25"],"iceandfire:armor_amythest_chestplate":["defense:25","magic:25"],"iceandfire:armor_amythest_helmet":["defense:25","magic:25"],"iceandfire:armor_amythest_leggings":["defense:25","magic:25"],"iceandfire:armor_black_boots":["defense:25","magic:25"],"iceandfire:armor_black_chestplate":["defense:25","magic:25"],"iceandfire:armor_black_helmet":["defense:25","magic:25"],"iceandfire:armor_black_leggings":["defense:25","magic:25"],"iceandfire:armor_blue_boots":["defense:25","magic:25"],"iceandfire:armor_blue_chestplate":["defense:25","magic:25"],"iceandfire:armor_blue_helmet":["defense:25","magic:25"],"iceandfire:armor_blue_leggings":["defense:25","magic:25"],"iceandfire:armor_bronze_boots":["defense:25","magic:25"],"iceandfire:armor_bronze_chestplate":["defense:25","magic:25"],"iceandfire:armor_bronze_helmet":["defense:25","magic:25"],"iceandfire:armor_bronze_leggings":["defense:25","magic:25"],"iceandfire:armor_copper_boots":["defense:25","magic:25"],"iceandfire:armor_copper_chestplate":["defense:25","magic:25"],"iceandfire:armor_copper_helmet":["defense:25","magic:25"],"iceandfire:armor_copper_leggings":["defense:25","magic:25"],"iceandfire:armor_electric_boots":["defense:25","magic:25"],"iceandfire:armor_electric_chestplate":["defense:25","magic:25"],"iceandfire:armor_electric_helmet":["defense:25","magic:25"],"iceandfire:armor_electric_leggings":["defense:25","magic:25"],"iceandfire:armor_gray_boots":["defense:25","magic:25"],"iceandfire:armor_gray_chestplate":["defense:25","magic:25"],"iceandfire:armor_gray_helmet":["defense:25","magic:25"],"iceandfire:armor_gray_leggings":["defense:25","magic:25"],"iceandfire:armor_green_boots":["defense:25","magic:25"],"iceandfire:armor_green_chestplate":["defense:25","magic:25"],"iceandfire:armor_green_helmet":["defense:25","magic:25"],"iceandfire:armor_green_leggings":["defense:25","magic:25"],"iceandfire:armor_red_boots":["defense:25","magic:25"],"iceandfire:armor_red_chestplate":["defense:25","magic:25"],"iceandfire:armor_red_helmet":["defense:25","magic:25"],"iceandfire:armor_red_leggings":["defense:25","magic:25"],"iceandfire:armor_sapphire_boots":["defense:25","magic:25"],"iceandfire:armor_sapphire_chestplate":["defense:25","magic:25"],"iceandfire:armor_sapphire_helmet":["defense:25","magic:25"],"iceandfire:armor_sapphire_leggings":["defense:25","magic:25"],"iceandfire:armor_silver_boots":["defense:25","magic:25"],"iceandfire:armor_silver_chestplate":["defense:25","magic:25"],"iceandfire:armor_silver_helmet":["defense:25","magic:25"],"iceandfire:armor_silver_leggings":["defense:25","magic:25"],"iceandfire:armor_silver_metal_boots":["defense:6","magic:2"],"iceandfire:armor_silver_metal_chestplate":["defense:6","magic:2"],"iceandfire:armor_silver_metal_helmet":["defense:6","magic:2"],"iceandfire:armor_silver_metal_leggings":["defense:6","magic:2"],"iceandfire:armor_white_boots":["defense:25","magic:25"],"iceandfire:armor_white_chestplate":["defense:25","magic:25"],"iceandfire:armor_white_helmet":["defense:25","magic:25"],"iceandfire:armor_white_leggings":["defense:25","magic:25"],"iceandfire:cockatrice_scepter":["magic:16"],"iceandfire:deathworm_gauntled_red":["attack:6"],"iceandfire:deathworm_gauntled_white":["attack:6"],"iceandfire:deathworm_gauntled_yellow":["attack:6"],"iceandfire:deathworm_red_boots":["defense:22","magic:15"],"iceandfire:deathworm_red_chestplate":["defense:23","magic:15"],"iceandfire:deathworm_red_helmet":["defense:23","magic:15"],"iceandfire:deathworm_red_leggings":["defense:22","magic:15"],"iceandfire:deathworm_white_boots":["defense:22","magic:15"],"iceandfire:deathworm_white_chestplate":["defense:23","magic:15"],"iceandfire:deathworm_white_helmet":["defense:23","magic:15"],"iceandfire:deathworm_white_leggings":["defense:22","magic:15"],"iceandfire:deathworm_yellow_boots":["defense:22","magic:15"],"iceandfire:deathworm_yellow_chestplate":["defense:23","magic:15"],"iceandfire:deathworm_yellow_helmet":["defense:23","magic:15"],"iceandfire:deathworm_yellow_leggings":["defense:22","magic:15"],"iceandfire:dragonbone_axe":["attack:18","gathering:25"],"iceandfire:dragonbone_bow":["agility:25"],"iceandfire:dragonbone_hoe":["farming:25"],"iceandfire:dragonbone_pickaxe":["mining:25"],"iceandfire:dragonbone_shovel":["gathering:25"],"iceandfire:dragonbone_sword":["attack:25"],"iceandfire:dragonbone_sword_fire":["attack:28","magic:20"],"iceandfire:dragonbone_sword_ice":["attack:28","magic:20"],"iceandfire:dragonbone_sword_lightning":["attack:28","magic:20"],"iceandfire:dragonsteel_fire_axe":["attack:36","gathering:50"],"iceandfire:dragonsteel_fire_boots":["defense:50"],"iceandfire:dragonsteel_fire_chestplate":["defense:50"],"iceandfire:dragonsteel_fire_helmet":["defense:50"],"iceandfire:dragonsteel_fire_hoe":["farming:50"],"iceandfire:dragonsteel_fire_leggings":["defense:50"],"iceandfire:dragonsteel_fire_pickaxe":["mining:50"],"iceandfire:dragonsteel_fire_shovel":["gathering:50"],"iceandfire:dragonsteel_fire_sword":["attack:50"],"iceandfire:dragonsteel_ice_axe":["attack:36","gathering:50"],"iceandfire:dragonsteel_ice_boots":["defense:50"],"iceandfire:dragonsteel_ice_chestplate":["defense:50"],"iceandfire:dragonsteel_ice_helmet":["defense:50"],"iceandfire:dragonsteel_ice_hoe":["farming:50"],"iceandfire:dragonsteel_ice_leggings":["defense:50"],"iceandfire:dragonsteel_ice_pickaxe":["mining:50"],"iceandfire:dragonsteel_ice_shovel":["gathering:50"],"iceandfire:dragonsteel_ice_sword":["attack:50"],"iceandfire:dragonsteel_lightning_axe":["attack:36","gathering:50"],"iceandfire:dragonsteel_lightning_boots":["defense:50"],"iceandfire:dragonsteel_lightning_chestplate":["defense:50"],"iceandfire:dragonsteel_lightning_helmet":["defense:50"],"iceandfire:dragonsteel_lightning_hoe":["farming:50"],"iceandfire:dragonsteel_lightning_leggings":["defense:50"],"iceandfire:dragonsteel_lightning_pickaxe":["mining:50"],"iceandfire:dragonsteel_lightning_shovel":["gathering:50"],"iceandfire:dragonsteel_lightning_sword":["attack:50"],"iceandfire:dread_knight_sword":["attack:30"],"iceandfire:dread_queen_staff":["magic:50"],"iceandfire:dread_queen_sword":["attack:50"],"iceandfire:fishing_spear":["agility:8"],"iceandfire:forest_troll_leather_boots":["defense:16","magic:14"],"iceandfire:forest_troll_leather_chestplate":["defense:16","magic:14"],"iceandfire:forest_troll_leather_helmet":["defense:16","magic:14"],"iceandfire:forest_troll_leather_leggings":["defense:16","magic:14"],"iceandfire:frost_troll_leather_boots":["defense:16","magic:14"],"iceandfire:frost_troll_leather_chestplate":["defense:16","magic:14"],"iceandfire:frost_troll_leather_helmet":["defense:16","magic:14"],"iceandfire:frost_troll_leather_leggings":["defense:16","magic:14"],"iceandfire:ghost_sword":["attack:20","magic:18"],"iceandfire:hippogryph_sword":["attack:12","magic:8"],"iceandfire:lich_staff":["magic:30"],"iceandfire:mountain_troll_leather_boots":["defense:16","magic:14"],"iceandfire:mountain_troll_leather_chestplate":["defense:16","magic:14"],"iceandfire:mountain_troll_leather_helmet":["defense:16","magic:14"],"iceandfire:mountain_troll_leather_leggings":["defense:16","magic:14"],"iceandfire:myrmex_desert_axe":["attack:8","gathering:10"],"iceandfire:myrmex_desert_boots":["defense:12"],"iceandfire:myrmex_desert_chestplate":["defense:12"],"iceandfire:myrmex_desert_helmet":["defense:12"],"iceandfire:myrmex_desert_hoe":["farming:10"],"iceandfire:myrmex_desert_leggings":["defense:12"],"iceandfire:myrmex_desert_pickaxe":["mining:10"],"iceandfire:myrmex_desert_shovel":["gathering:10"],"iceandfire:myrmex_desert_swarm":["magic:14"],"iceandfire:myrmex_desert_sword":["attack:10"],"iceandfire:myrmex_desert_sword_venom":["attack:12"],"iceandfire:myrmex_jungle_axe":["attack:8","gathering:10"],"iceandfire:myrmex_jungle_boots":["defense:12"],"iceandfire:myrmex_jungle_chestplate":["defense:12"],"iceandfire:myrmex_jungle_helmet":["defense:12"],"iceandfire:myrmex_jungle_hoe":["farming:10"],"iceandfire:myrmex_jungle_leggings":["defense:12"],"iceandfire:myrmex_jungle_pickaxe":["mining:10"],"iceandfire:myrmex_jungle_shovel":["gathering:10"],"iceandfire:myrmex_jungle_swarm":["magic:14"],"iceandfire:myrmex_jungle_sword":["attack:10"],"iceandfire:myrmex_jungle_sword_venom":["attack:12"],"iceandfire:pixie_wand":["magic:6"],"iceandfire:silver_axe":["magic:2","gathering:6"],"iceandfire:silver_hoe":["magic:2","farming:6"],"iceandfire:silver_pickaxe":["magic:2","mining:6"],"iceandfire:silver_shovel":["magic:2","gathering:6"],"iceandfire:silver_sword":["attack:6","magic:2"],"iceandfire:siren_flute":["magic:18"],"iceandfire:stymphalian_bird_dagger":["attack:4"],"iceandfire:tide_blue_boots":["defense:25","agility:25"],"iceandfire:tide_blue_chestplate":["defense:25","agility:25"],"iceandfire:tide_blue_helmet":["defense:25","agility:25"],"iceandfire:tide_blue_leggings":["defense:25","agility:25"],"iceandfire:tide_bronze_boots":["defense:25","agility:25"],"iceandfire:tide_bronze_chestplate":["defense:25","agility:25"],"iceandfire:tide_bronze_helmet":["defense:25","agility:25"],"iceandfire:tide_bronze_leggings":["defense:25","agility:25"],"iceandfire:tide_deepblue_boots":["defense:25","agility:25"],"iceandfire:tide_deepblue_chestplate":["defense:25","agility:25"],"iceandfire:tide_deepblue_helmet":["defense:25","agility:25"],"iceandfire:tide_deepblue_leggings":["defense:25","agility:25"],"iceandfire:tide_green_boots":["defense:25","agility:25"],"iceandfire:tide_green_chestplate":["defense:25","agility:25"],"iceandfire:tide_green_helmet":["defense:25","agility:25"],"iceandfire:tide_green_leggings":["defense:25","agility:25"],"iceandfire:tide_purple_boots":["defense:25","agility:25"],"iceandfire:tide_purple_chestplate":["defense:25","agility:25"],"iceandfire:tide_purple_helmet":["defense:25","agility:25"],"iceandfire:tide_purple_leggings":["defense:25","agility:25"],"iceandfire:tide_red_boots":["defense:25","agility:25"],"iceandfire:tide_red_chestplate":["defense:25","agility:25"],"iceandfire:tide_red_helmet":["defense:25","agility:25"],"iceandfire:tide_red_leggings":["defense:25","agility:25"],"iceandfire:tide_teal_boots":["defense:25","agility:25"],"iceandfire:tide_teal_chestplate":["defense:25","agility:25"],"iceandfire:tide_teal_helmet":["defense:25","agility:25"],"iceandfire:tide_teal_leggings":["defense:25","agility:25"],"iceandfire:tide_trident":["attack:26","agility:16"],"immersive_aircraft:airship":["building:4"],"immersive_aircraft:biplane":["building:6"],"immersive_aircraft:bomb_bay":["building:16"],"immersive_aircraft:cargo_airship":["building:8"],"immersive_aircraft:enhanced_propeller":["building:16"],"immersive_aircraft:gyrodyne":["building:6"],"immersive_aircraft:gyroscope":["building:8"],"immersive_aircraft:hull_reinforcement":["building:12"],"immersive_aircraft:improved_landing_gear":["building:10"],"immersive_aircraft:industrial_gears":["building:12"],"immersive_aircraft:nether_engine":["building:16"],"immersive_aircraft:quadrocopter":["building:2"],"immersive_aircraft:rotary_cannon":["building:20"],"immersive_aircraft:steel_boiler":["building:16"],"immersive_aircraft:sturdy_pipes":["building:12"],"immersive_aircraft:telescope":["building:14"],"immersive_aircraft:warship":["building:12"],"irons_spellbooks:alchemist_cauldron":["magic:9"],"irons_spellbooks:amethyst_resonance_charm":["magic:14"],"irons_spellbooks:arcane_anvil":["magic:13"],"irons_spellbooks:archevoker_boots":["defense:16","magic:16"],"irons_spellbooks:archevoker_chestplate":["defense:16","magic:16"],"irons_spellbooks:archevoker_helmet":["defense:16","magic:16"],"irons_spellbooks:archevoker_leggings":["defense:16","magic:16"],"irons_spellbooks:artificer_cane":["magic:14"],"irons_spellbooks:blaze_spell_book":["magic:22"],"irons_spellbooks:blood_staff":["magic:20"],"irons_spellbooks:cast_time_ring":["magic:14"],"irons_spellbooks:concentration_amulet":["magic:25"],"irons_spellbooks:conjurers_talisman":["magic:8"],"irons_spellbooks:cooldown_ring":["magic:14"],"irons_spellbooks:copper_spell_book":["magic:8"],"irons_spellbooks:cryomancer_boots":["defense:14","magic:14"],"irons_spellbooks:cryomancer_chestplate":["defense:14","magic:14"],"irons_spellbooks:cryomancer_helmet":["defense:14","magic:14"],"irons_spellbooks:cryomancer_leggings":["defense:14","magic:14"],"irons_spellbooks:cultist_boots":["defense:14","magic:14"],"irons_spellbooks:cultist_chestplate":["defense:14","magic:14"],"irons_spellbooks:cultist_helmet":["defense:14","magic:14"],"irons_spellbooks:cultist_leggings":["defense:14","magic:14"],"irons_spellbooks:diamond_spell_book":["magic:22"],"irons_spellbooks:dragonskin_spell_book":["magic:30"],"irons_spellbooks:druidic_spell_book":["magic:22"],"irons_spellbooks:eldricht_manuscript":["magic:45"],"irons_spellbooks:electromancer_boots":["defense:14","magic:14"],"irons_spellbooks:electromancer_chestplate":["defense:14","magic:14"],"irons_spellbooks:electromancer_helmet":["defense:14","magic:14"],"irons_spellbooks:electromancer_leggings":["defense:14","magic:14"],"irons_spellbooks:emerald_stoneplate_ring":["magic:20","farming:15"],"irons_spellbooks:evasion_elixir":["magic:22"],"irons_spellbooks:evoker_spell_book":["magic:30"],"irons_spellbooks:fireward_ring":["defense:15","magic:30"],"irons_spellbooks:frostward_ring":["defense:15","magic:30"],"irons_spellbooks:gold_spell_book":["magic:16"],"irons_spellbooks:graybeard_staff":["magic:12"],"irons_spellbooks:greater_evasion_elixir":["magic:30"],"irons_spellbooks:greater_healing_potion":["magic:12"],"irons_spellbooks:greater_invisibility_elixir":["magic:25"],"irons_spellbooks:greater_oakskin_elixir":["magic:20"],"irons_spellbooks:heavy_chain_necklace":["magic:14"],"irons_spellbooks:hither_thither_wand":["magic:35","mining:20"],"irons_spellbooks:ice_staff":["magic:16"],"irons_spellbooks:inscription_table":["magic:3"],"irons_spellbooks:invisibility_elixir":["magic:18"],"irons_spellbooks:iron_spell_book":["magic:12"],"irons_spellbooks:keeper_flamberge":["attack:30","magic:24"],"irons_spellbooks:lightning_rod":["magic:16"],"irons_spellbooks:magehunter":["attack:16","magic:16"],"irons_spellbooks:mana_ring":["magic:14"],"irons_spellbooks:necronomicon_spell_book":["magic:30"],"irons_spellbooks:netherite_mage_boots":["defense:25","magic:25"],"irons_spellbooks:netherite_mage_chestplate":["defense:25","magic:25"],"irons_spellbooks:netherite_mage_helmet":["defense:25","magic:25"],"irons_spellbooks:netherite_mage_leggings":["defense:25","magic:25"],"irons_spellbooks:netherite_spell_book":["magic:28"],"irons_spellbooks:oakskin_elixir":["magic:15"],"irons_spellbooks:plagued_boots":["defense:14","magic:14"],"irons_spellbooks:plagued_chestplate":["defense:14","magic:14"],"irons_spellbooks:plagued_helmet":["defense:14","magic:14"],"irons_spellbooks:plagued_leggings":["defense:14","magic:14"],"irons_spellbooks:poisonward_ring":["magic:8"],"irons_spellbooks:priest_boots":["defense:14","magic:14"],"irons_spellbooks:priest_chestplate":["defense:14","magic:14"],"irons_spellbooks:priest_helmet":["defense:14","magic:14"],"irons_spellbooks:priest_leggings":["defense:14","magic:14"],"irons_spellbooks:pumpkin_boots":["defense:12","magic:12"],"irons_spellbooks:pumpkin_chestplate":["defense:12","magic:12"],"irons_spellbooks:pumpkin_helmet":["defense:12","magic:12"],"irons_spellbooks:pumpkin_leggings":["defense:12","magic:12"],"irons_spellbooks:pyromancer_boots":["defense:14","magic:14"],"irons_spellbooks:pyromancer_chestplate":["defense:14","magic:14"],"irons_spellbooks:pyromancer_helmet":["defense:14","magic:14"],"irons_spellbooks:pyromancer_leggings":["defense:14","magic:14"],"irons_spellbooks:rotten_spell_book":["magic:4"],"irons_spellbooks:shadowwalker_boots":["defense:20","magic:20"],"irons_spellbooks:shadowwalker_chestplate":["defense:20","magic:20"],"irons_spellbooks:shadowwalker_helmet":["defense:20","magic:20"],"irons_spellbooks:shadowwalker_leggings":["defense:20","magic:20"],"irons_spellbooks:silver_ring":["magic:6"],"irons_spellbooks:tarnished_helmet":["magic:25"],"irons_spellbooks:villager_spell_book":["magic:28"],"irons_spellbooks:wandering_magician_boots":["defense:8","magic:8"],"irons_spellbooks:wandering_magician_chestplate":["defense:8","magic:8"],"irons_spellbooks:wandering_magician_helmet":["defense:8","magic:8"],"irons_spellbooks:wandering_magician_leggings":["defense:8","magic:8"],"irons_spellbooks:spellbreaker":["attack:25","magic:25"],"irons_spellbooks:amethyst_rapier":["attack:25","magic:25"],"irons_spellbooks:invisibility_ring":["magic:10"],"irons_spellbooks:scroll_forge":["magic:10"],"minecraft:anvil":["building:4"],"minecraft:beacon":["magic:16"],"minecraft:blast_furnace":["building:8"],"minecraft:bow":["agility:4"],"minecraft:brewing_stand":["magic:8"],"minecraft:cartography_table":["mining:8"],"minecraft:chainmail_boots":["defense:4"],"minecraft:chainmail_chestplate":["defense:4"],"minecraft:chainmail_helmet":["defense:4"],"minecraft:chainmail_leggings":["defense:4"],"minecraft:chipped_anvil":["building:4"],"minecraft:crossbow":["agility:8"],"minecraft:damaged_anvil":["building:4"],"minecraft:diamond_axe":["attack:12","gathering:16"],"minecraft:diamond_boots":["defense:16"],"minecraft:diamond_chestplate":["defense:16"],"minecraft:diamond_helmet":["defense:16"],"minecraft:diamond_hoe":["farming:16"],"minecraft:diamond_leggings":["defense:16"],"minecraft:diamond_pickaxe":["mining:16"],"minecraft:diamond_shovel":["gathering:16"],"minecraft:diamond_sword":["attack:16"],"minecraft:elytra":["agility:20"],"minecraft:totem_of_undying":["gathering:10"],"minecraft:enchanted_golden_apple":["magic:8","gathering:6"],"minecraft:enchanting_table":["magic:10"],"minecraft:end_crystal":["magic:16","building:16"],"minecraft:ender_chest":["magic:16"],"minecraft:ender_eye":["magic:10"],"minecraft:ender_pearl":["magic:6"],"minecraft:firework_rocket":["agility:4"],"minecraft:fishing_rod":["gathering:2"],"minecraft:fletching_table":["agility:8"],"minecraft:golden_apple":["magic:2","gathering:2"],"minecraft:golden_axe":["magic:2","gathering:4"],"minecraft:golden_boots":["defense:4","magic:2"],"minecraft:golden_chestplate":["defense:4","magic:2"],"minecraft:golden_helmet":["defense:4","magic:2"],"minecraft:golden_hoe":["magic:2","farming:4"],"minecraft:golden_leggings":["defense:4","magic:2"],"minecraft:golden_pickaxe":["magic:2","mining:4"],"minecraft:golden_shovel":["magic:2","gathering:4"],"minecraft:golden_sword":["attack:4","magic:2"],"minecraft:grindstone":["building:8"],"minecraft:iron_axe":["attack:6","gathering:8"],"minecraft:iron_boots":["defense:8"],"minecraft:iron_chestplate":["defense:8"],"minecraft:iron_helmet":["defense:8"],"minecraft:iron_hoe":["farming:8"],"minecraft:iron_leggings":["defense:8"],"minecraft:iron_pickaxe":["mining:8"],"minecraft:iron_shovel":["gathering:8"],"minecraft:iron_sword":["attack:8"],"minecraft:loom":["mining:4"],"minecraft:netherite_axe":["attack:18","gathering:25"],"minecraft:netherite_boots":["defense:25"],"minecraft:netherite_chestplate":["defense:25"],"minecraft:netherite_helmet":["defense:25"],"minecraft:netherite_hoe":["farming:25"],"minecraft:netherite_leggings":["defense:25"],"minecraft:netherite_pickaxe":["mining:25"],"minecraft:netherite_shovel":["gathering:25"],"minecraft:netherite_sword":["attack:25"],"minecraft:piston":["building:4"],"minecraft:scaffolding":["building:8"],"minecraft:shears":["agility:2"],"minecraft:shield":["defense:4"],"minecraft:smithing_table":["building:8"],"minecraft:smoker":["gathering:4","building:4"],"minecraft:spyglass":["gathering:4"],"minecraft:sticky_piston":["building:8"],"minecraft:stonecutter":["building:8"],"minecraft:tnt":["building:4"],"minecraft:trident":["attack:16","agility:10"],"minecraft:turtle_helmet":["defense:8","gathering:8"],"mowziesmobs:earthrend_gauntlet":["magic:36"],"mowziesmobs:ice_crystal":["magic:20"],"mowziesmobs:naga_fang_dagger":["attack:8","magic:8"],"mowziesmobs:sculptor_staff":["magic:25"],"mowziesmobs:spear":["attack:8"],"mowziesmobs:umvuthana_mask_bliss":["defense:4","magic:8"],"mowziesmobs:umvuthana_mask_faith":["defense:4","magic:8"],"mowziesmobs:umvuthana_mask_fear":["defense:4","magic:8"],"mowziesmobs:umvuthana_mask_fury":["defense:4","magic:8"],"mowziesmobs:umvuthana_mask_misery":["defense:4","magic:8"],"mowziesmobs:umvuthana_mask_rage":["defense:4","magic:8"],"mowziesmobs:wrought_axe":["attack:24"],"mowziesmobs:wrought_helmet":["defense:24"],"mowziesmobs:geomancer_beads":["attack:12","defense:12"],"mowziesmobs:geomancer_robe":["defense:12","magic:12"],"mowziesmobs:geomancer_belt":["defense:12","magic:12"],"mowziesmobs:geomancer_sandals":["defense:12","agility:12"],"mowziesmobs:sol_visage":["magic:30"],"mutantmonsters:endersoul_hand":["magic:30"],"mutantmonsters:hulk_hammer":["attack:20"],"mutantmonsters:mutant_skeleton_chestplate":["defense:8","agility:14"],"mutantmonsters:mutant_skeleton_leggings":["defense:8","agility:14"],"mutantmonsters:mutant_skeleton_boots":["defense:8","agility:14"],"mutantmonsters:mutant_skeleton_skull":["defense:8","agility:14"],"nameless_trinket:mysterious_trinket":["magic:30"],"nameless_trinkets:amphibious_hands":["magic:30","building:20"],"nameless_trinkets:blaze_nucleus":["magic:40"],"nameless_trinkets:blindfold":["magic:30","agility:28"],"nameless_trinkets:broken_ankh":["magic:36","gathering:30"],"nameless_trinkets:broken_magnet":["magic:30","building:16"],"nameless_trinkets:callus":["defense:20","magic:30"],"nameless_trinkets:cracked_crown":["attack:15","defense:15","magic:30","agility:15","gathering:15","farming:15","mining:15","building:15"],"nameless_trinkets:dark_nelumbo":["magic:30","agility:30"],"nameless_trinkets:dragons_eye":["magic:34"],"nameless_trinkets:electric_paddle":["magic:30","mining:15"],"nameless_trinkets:ethereal_wings":["magic:50","agility:50","gathering:50","mining:50","building:50"],"nameless_trinkets:experience_battery":["magic:30","mining:25"],"nameless_trinkets:experience_magnet":["magic:30"],"nameless_trinkets:explosion_proof_jacket":["defense:20","magic:30"],"nameless_trinkets:fate_emerald":["magic:30","mining:32"],"nameless_trinkets:fertilizer":["magic:30","farming:18"],"nameless_trinkets:four_leaf_clover":["magic:30","farming:45"],"nameless_trinkets:fractured_nullstone":["magic:32"],"nameless_trinkets:fragile_cloud":["magic:30","agility:29"],"nameless_trinkets:ghast_eye":["magic:36","gathering:38"],"nameless_trinkets:gills":["magic:30","gathering:20"],"nameless_trinkets:gods_crown":["attack:35","defense:35","magic:35","agility:35","gathering:35","farming:35","mining:35","building:35"],"nameless_trinkets:ice_cube":["magic:36"],"nameless_trinkets:lucky_rock":["magic:30","farming:20"],"nameless_trinkets:miners_soul":["magic:30","farming:35"],"nameless_trinkets:missing_page":["magic:30","farming:25"],"nameless_trinkets:moon_stone":["magic:30","agility:24"],"nameless_trinkets:nelumbo":["magic:30","agility:20"],"nameless_trinkets:puffer_fish_liver":["magic:30","gathering:16","farming:16"],"nameless_trinkets:rage_mind":["attack:27","magic:30"],"nameless_trinkets:reforger":["magic:30","farming:50"],"nameless_trinkets:reverse_card":["magic:30","farming:16"],"nameless_trinkets:scarab_amulet":["magic:30","agility:30"],"nameless_trinkets:sigil_of_baphomet":["defense:40","magic:30"],"nameless_trinkets:sleeping_pills":["magic:30","mining:17"],"nameless_trinkets:speed_force":["magic:30","agility:28"],"nameless_trinkets:spider_legs":["magic:30","agility:21"],"nameless_trinkets:super_magnet":["magic:30","building:20"],"nameless_trinkets:tear_of_the_sea":["magic:30","agility:29"],"nameless_trinkets:true_heart_of_the_sea":["magic:30","agility:25","gathering:25"],"nameless_trinkets:vampire_blood":["magic:30","gathering:22"],"nameless_trinkets:what_magnet":["magic:30"],"nameless_trinkets:wooden_stick":["defense:32","magic:30"],"paraglider:heart_container":["magic:3","gathering:6"],"quality_equipment:reforging_station":["building:14"],"quark:chute":["building:10"],"quark:crafter":["building:18"],"quark:ender_watcher":["building:22"],"quark:trowel":["building:10"],"relics:amphibian_boots":["magic:15","agility:12"],"relics:aqua_walker":["magic:15","agility:10"],"relics:arrow_quiver":["magic:15","agility:15"],"relics:bastion_ring":["magic:15","mining:22"],"relics:blazing_flask":["magic:15","building:25"],"relics:chorus_inhibitor":["magic:15","mining:30"],"relics:drowned_belt":["attack:10","defense:10","magic:15","agility:10"],"relics:elytra_booster":["magic:15","mining:30"],"relics:enders_hand":["magic:15","mining:26"],"relics:holy_locket":["magic:15","gathering:16"],"relics:horse_flute":["magic:15","mining:16"],"relics:hunter_belt":["magic:15","gathering:24"],"relics:ice_breaker":["attack:10","magic:15","agility:10"],"relics:ice_skates":["magic:15","agility:10"],"relics:infinity_ham":["magic:15","gathering:20"],"relics:jellyfish_necklace":["defense:15","magic:15"],"relics:leather_belt":["magic:15","gathering:10"],"relics:magic_mirror":["magic:15","building:26"],"relics:magma_walker":["defense:28","magic:15"],"relics:midnight_robe":["attack:30","magic:15","mining:30"],"relics:rage_glove":["attack:20","magic:15","agility:22"],"relics:reflection_necklace":["attack:16","magic:15"],"relics:roller_skates":["magic:15","agility:15"],"relics:shadow_glaive":["attack:30","magic:15"],"relics:space_dissector":["magic:15","mining:30"],"relics:spatial_sign":["magic:15","mining:26"],"relics:spore_sack":["magic:15","farming:15"],"relics:wool_mitten":["magic:15","agility:10"],"simplyswords:arcanethyst":["attack:25","magic:25"],"simplyswords:awakened_lichblade":["attack:25","magic:45"],"simplyswords:bramblethorn":["attack:25","magic:20"],"simplyswords:brimstone_claymore":["attack:25","magic:25"],"simplyswords:diamond_claymore":["attack:16"],"simplyswords:diamond_cutlass":["attack:16"],"simplyswords:diamond_glaive":["attack:16"],"simplyswords:diamond_greataxe":["attack:16"],"simplyswords:diamond_greathammer":["attack:16"],"simplyswords:diamond_halberd":["attack:16"],"simplyswords:diamond_katana":["attack:16"],"simplyswords:diamond_longsword":["attack:16"],"simplyswords:diamond_rapier":["attack:16"],"simplyswords:diamond_sai":["attack:16"],"simplyswords:diamond_scythe":["attack:16"],"simplyswords:diamond_spear":["attack:16"],"simplyswords:diamond_twinblade":["attack:16"],"simplyswords:emberblade":["attack:25","magic:25"],"simplyswords:emberlash":["attack:25","magic:40"],"simplyswords:enigma":["attack:25","magic:40"],"simplyswords:flamewind":["attack:25","magic:20"],"simplyswords:frostfall":["attack:25","magic:35"],"simplyswords:gold_claymore":["attack:4"],"simplyswords:gold_cutlass":["attack:4"],"simplyswords:gold_glaive":["attack:4"],"simplyswords:gold_greataxe":["attack:4"],"simplyswords:gold_greathammer":["attack:4"],"simplyswords:gold_halberd":["attack:4"],"simplyswords:gold_katana":["attack:4"],"simplyswords:gold_longsword":["attack:4"],"simplyswords:gold_rapier":["attack:4"],"simplyswords:gold_sai":["attack:4"],"simplyswords:gold_scythe":["attack:4"],"simplyswords:gold_spear":["attack:4"],"simplyswords:gold_twinblade":["attack:4"],"simplyswords:harbinger":["attack:25","magic:45"],"simplyswords:hearthflame":["attack:25","magic:25"],"simplyswords:hiverheart":["attack:25","magic:40"],"simplyswords:icewhisper":["attack:25","magic:25"],"simplyswords:iron_claymore":["attack:8"],"simplyswords:iron_cutlass":["attack:8"],"simplyswords:iron_glaive":["attack:8"],"simplyswords:iron_greataxe":["attack:8"],"simplyswords:iron_greathammer":["attack:8"],"simplyswords:iron_halberd":["attack:8"],"simplyswords:iron_katana":["attack:8"],"simplyswords:iron_longsword":["attack:8"],"simplyswords:iron_rapier":["attack:8"],"simplyswords:iron_sai":["attack:8"],"simplyswords:iron_scythe":["attack:8"],"simplyswords:iron_spear":["attack:8"],"simplyswords:iron_twinblade":["attack:8"],"simplyswords:livyatan":["attack:25","magic:35"],"simplyswords:magiblade":["attack:25","magic:30"],"simplyswords:magicscythe":["attack:25","magic:50"],"simplyswords:magicspear":["attack:25","magic:30"],"simplyswords:mjolnir":["attack:25","magic:35"],"simplyswords:molten_edge":["attack:25","magic:30"],"simplyswords:netherite_claymore":["attack:25"],"simplyswords:netherite_cutlass":["attack:25"],"simplyswords:netherite_glaive":["attack:25"],"simplyswords:netherite_greataxe":["attack:25"],"simplyswords:netherite_greathammer":["attack:25"],"simplyswords:netherite_halberd":["attack:25"],"simplyswords:netherite_katana":["attack:25"],"simplyswords:netherite_longsword":["attack:25"],"simplyswords:netherite_rapier":["attack:25"],"simplyswords:netherite_sai":["attack:25"],"simplyswords:netherite_scythe":["attack:25"],"simplyswords:netherite_spear":["attack:25"],"simplyswords:netherite_twinblade":["attack:25"],"simplyswords:ribboncleaver":["attack:25","magic:35"],"simplyswords:righteous_relic":["attack:25","magic:35"],"simplyswords:shadowsting":["attack:25","magic:30"],"simplyswords:slumbering_lichblade":["attack:25","magic:25"],"simplyswords:soulkeeper":["attack:25","magic:25"],"simplyswords:soulpyre":["attack:25","magic:35"],"simplyswords:soulrender":["attack:25","magic:30"],"simplyswords:stars_edge":["attack:25","magic:35"],"simplyswords:stormbringer":["attack:25","magic:20"],"simplyswords:storms_edge":["attack:25","magic:20"],"simplyswords:sunfire":["attack:25","magic:45"],"simplyswords:sword_on_a_stick":["defense:8"],"simplyswords:tainted_relic":["attack:25","magic:35"],"simplyswords:tempest":["attack:25","magic:30"],"simplyswords:thunderbrand":["attack:25","magic:25"],"simplyswords:toxic_longsword":["attack:25","magic:20"],"simplyswords:twisted_blade":["attack:25","magic:35"],"simplyswords:waking_lichblade":["attack:25","magic:35"],"simplyswords:watcher_claymore":["attack:25","magic:35"],"simplyswords:waxweaver":["attack:25","magic:50"],"simplyswords:whisperwind":["attack:25","magic:25"],"simplyswords:wickpiercer":["attack:25","magic:50"],"spartanshields:shield_basic_copper":["defense:4"],"spartanshields:shield_basic_diamond":["defense:16"],"spartanshields:shield_basic_gold":["defense:4","magic:2"],"spartanshields:shield_basic_iron":["defense:8"],"spartanshields:shield_basic_netherite":["defense:25"],"spartanshields:shield_basic_obsidian":["defense:12","agility:12"],"spartanshields:shield_basic_silver":["defense:6"],"spartanshields:shield_basic_stone":["defense:4"],"spartanshields:shield_tower_copper":["defense:4"],"spartanshields:shield_tower_diamond":["defense:16"],"spartanshields:shield_tower_gold":["defense:4","magic:2"],"spartanshields:shield_tower_iron":["defense:8"],"spartanshields:shield_tower_netherite":["defense:25"],"spartanshields:shield_tower_obsidian":["defense:12","agility:12"],"spartanshields:shield_tower_silver":["defense:6"],"spartanshields:shield_tower_stone":["defense:4"],"supplementaries:altimeter":["building:4"],"supplementaries:cog_block":["building:8"],"supplementaries:crystal_display":["building:16"],"supplementaries:quiver":["agility:8"],"supplementaries:relayer":["building:12"],"supplementaries:spring_launcher":["building:10"],"supplementaries:turn_table":["building:4"],"supplementaries:wrench":["building:4"],"waystones:warp_scroll":["magic:10"],"fantasy_armor:chess_board_knight_boots":["defense:20"],"fantasy_armor:chess_board_knight_chestplate":["defense:20"],"fantasy_armor:chess_board_knight_helmet":["defense:20"],"fantasy_armor:chess_board_knight_leggings":["defense:20"],"fantasy_armor:crucible_knight_boots":["defense:20"],"fantasy_armor:crucible_knight_chestplate":["defense:20"],"fantasy_armor:crucible_knight_helmet":["defense:20"],"fantasy_armor:crucible_knight_leggings":["defense:20"],"fantasy_armor:dark_cover_boots":["defense:20"],"fantasy_armor:dark_cover_chestplate":["defense:20"],"fantasy_armor:dark_cover_helmet":["defense:20"],"fantasy_armor:dark_cover_leggings":["defense:20"],"fantasy_armor:dark_lord_boots":["defense:20"],"fantasy_armor:dark_lord_chestplate":["defense:20"],"fantasy_armor:dark_lord_helmet":["defense:20"],"fantasy_armor:dark_lord_leggings":["defense:20"],"fantasy_armor:dragonslayer_boots":["defense:20"],"fantasy_armor:dragonslayer_chestplate":["defense:20"],"fantasy_armor:dragonslayer_helmet":["defense:20"],"fantasy_armor:dragonslayer_leggings":["defense:20"],"fantasy_armor:eclipse_soldier_boots":["defense:20"],"fantasy_armor:eclipse_soldier_chestplate":["defense:20"],"fantasy_armor:eclipse_soldier_helmet":["defense:20"],"fantasy_armor:eclipse_soldier_leggings":["defense:20"],"fantasy_armor:evening_ghost_boots":["defense:20"],"fantasy_armor:evening_ghost_chestplate":["defense:20"],"fantasy_armor:evening_ghost_helmet":["defense:20"],"fantasy_armor:evening_ghost_leggings":["defense:20"],"fantasy_armor:fog_guard_boots":["defense:20"],"fantasy_armor:fog_guard_chestplate":["defense:20"],"fantasy_armor:fog_guard_helmet":["defense:20"],"fantasy_armor:fog_guard_leggings":["defense:20"],"fantasy_armor:forgotten_trace_boots":["defense:20"],"fantasy_armor:forgotten_trace_chestplate":["defense:20"],"fantasy_armor:forgotten_trace_helmet":["defense:20"],"fantasy_armor:forgotten_trace_leggings":["defense:20"],"fantasy_armor:gilded_hunt_boots":["defense:20"],"fantasy_armor:gilded_hunt_chestplate":["defense:20"],"fantasy_armor:gilded_hunt_helmet":["defense:20"],"fantasy_armor:gilded_hunt_leggings":["defense:20"],"fantasy_armor:golden_execution_boots":["defense:20"],"fantasy_armor:golden_execution_chestplate":["defense:20"],"fantasy_armor:golden_execution_helmet":["defense:20"],"fantasy_armor:golden_execution_leggings":["defense:20"],"fantasy_armor:golden_horns_boots":["defense:20"],"fantasy_armor:golden_horns_chestplate":["defense:20"],"fantasy_armor:golden_horns_helmet":["defense:20"],"fantasy_armor:golden_horns_leggings":["defense:20"],"fantasy_armor:hero_boots":["defense:20"],"fantasy_armor:hero_chestplate":["defense:20"],"fantasy_armor:hero_helmet":["defense:20"],"fantasy_armor:hero_leggings":["defense:20"],"fantasy_armor:lady_maria_boots":["defense:20"],"fantasy_armor:lady_maria_chestplate":["defense:20"],"fantasy_armor:lady_maria_helmet":["defense:20"],"fantasy_armor:lady_maria_leggings":["defense:20"],"fantasy_armor:redeemer_boots":["defense:20"],"fantasy_armor:redeemer_chestplate":["defense:20"],"fantasy_armor:redeemer_helmet":["defense:20"],"fantasy_armor:redeemer_leggings":["defense:20"],"fantasy_armor:ronin_boots":["defense:20"],"fantasy_armor:ronin_chestplate":["defense:20"],"fantasy_armor:ronin_helmet":["defense:20"],"fantasy_armor:ronin_leggings":["defense:20"],"fantasy_armor:spark_of_dawn_boots":["defense:20"],"fantasy_armor:spark_of_dawn_chestplate":["defense:20"],"fantasy_armor:spark_of_dawn_helmet":["defense:20"],"fantasy_armor:spark_of_dawn_leggings":["defense:20"],"fantasy_armor:sunset_wings_boots":["defense:20"],"fantasy_armor:sunset_wings_chestplate":["defense:20"],"fantasy_armor:sunset_wings_helmet":["defense:20"],"fantasy_armor:sunset_wings_leggings":["defense:20"],"fantasy_armor:thief_boots":["defense:20"],"fantasy_armor:thief_chestplate":["defense:20"],"fantasy_armor:thief_helmet":["defense:20"],"fantasy_armor:thief_leggings":["defense:20"],"fantasy_armor:twinned_boots":["defense:20"],"fantasy_armor:twinned_chestplate":["defense:20"],"fantasy_armor:twinned_helmet":["defense:20"],"fantasy_armor:twinned_leggings":["defense:20"],"fantasy_armor:wandering_wizard_boots":["defense:20"],"fantasy_armor:wandering_wizard_chestplate":["defense:20"],"fantasy_armor:wandering_wizard_helmet":["defense:20"],"fantasy_armor:wandering_wizard_leggings":["defense:20"],"fantasy_armor:malenia_helmet":["defense:20"],"fantasy_armor:malenia_chestplate":["defense:20"],"fantasy_armor:malenia_leggings":["defense:20"],"fantasy_armor:malenia_boots":["defense:20"],"fantasy_armor:old_knight_helmet":["defense:20"],"fantasy_armor:old_knight_chestplate":["defense:20"],"fantasy_armor:old_knight_leggings":["defense:20"],"fantasy_armor:old_knight_boots":["defense:20"],"fantasy_armor:silver_knight_helmet":["defense:20"],"fantasy_armor:silver_knight_chestplate":["defense:20"],"fantasy_armor:silver_knight_leggings":["defense:20"],"fantasy_armor:silver_knight_boots":["defense:20"],"iceandfire:dragonegg_red":["magic:35"],"iceandfire:dragonegg_green":["magic:35"],"iceandfire:dragonegg_bronze":["magic:35"],"iceandfire:dragonegg_gray":["magic:35"],"iceandfire:dragonegg_blue":["magic:35"],"iceandfire:dragonegg_white":["magic:35"],"iceandfire:dragonegg_sapphire":["magic:35"],"iceandfire:dragonegg_silver":["magic:35"],"iceandfire:dragonegg_electric":["magic:35"],"iceandfire:dragonegg_amythest":["magic:35"],"iceandfire:dragonegg_copper":["magic:35"],"iceandfire:dragonegg_black":["magic:35"],"spartanweaponry:iron_battle_hammer":["attack:8"],"spartanweaponry:iron_battleaxe":["attack:8"],"spartanweaponry:iron_boomerang":["attack:8"],"spartanweaponry:iron_dagger":["attack:8"],"spartanweaponry:iron_flanged_mace":["attack:8"],"spartanweaponry:iron_glaive":["attack:8"],"spartanweaponry:iron_greatsword":["attack:8"],"spartanweaponry:iron_halberd":["attack:8"],"spartanweaponry:iron_heavy_crossbow":["attack:8","agility:8"],"spartanweaponry:iron_javelin":["attack:8"],"spartanweaponry:iron_katana":["attack:8"],"spartanweaponry:iron_lance":["attack:8"],"spartanweaponry:iron_longbow":["attack:8"],"spartanweaponry:iron_longsword":["attack:8"],"spartanweaponry:iron_parrying_dagger":["attack:8"],"spartanweaponry:iron_pike":["attack:8"],"spartanweaponry:iron_quarterstaff":["attack:8"],"spartanweaponry:iron_rapier":["attack:8"],"spartanweaponry:iron_saber":["attack:8"],"spartanweaponry:iron_scythe":["attack:8"],"spartanweaponry:iron_spear":["attack:8"],"spartanweaponry:iron_throwing_knife":["attack:8"],"spartanweaponry:iron_tomahawk":["attack:8"],"spartanweaponry:iron_warhammer":["attack:8"],"spartanweaponry:golden_battle_hammer":["attack:4","magic:2"],"spartanweaponry:golden_battleaxe":["attack:4","magic:2"],"spartanweaponry:golden_boomerang":["attack:4","magic:2"],"spartanweaponry:golden_dagger":["attack:4","magic:2"],"spartanweaponry:golden_flanged_mace":["attack:4","magic:2"],"spartanweaponry:golden_glaive":["attack:4","magic:2"],"spartanweaponry:golden_greatsword":["attack:4","magic:2"],"spartanweaponry:golden_halberd":["attack:4","magic:2"],"spartanweaponry:golden_heavy_crossbow":["magic:2","agility:6"],"spartanweaponry:golden_javelin":["attack:4","magic:2"],"spartanweaponry:golden_katana":["attack:4","magic:2"],"spartanweaponry:golden_lance":["attack:4","magic:2"],"spartanweaponry:golden_longbow":["attack:4","magic:2"],"spartanweaponry:golden_longsword":["attack:4","magic:2"],"spartanweaponry:golden_parrying_dagger":["attack:4","magic:2"],"spartanweaponry:golden_pike":["attack:4","magic:2"],"spartanweaponry:golden_quarterstaff":["attack:4","magic:2"],"spartanweaponry:golden_rapier":["attack:4","magic:2"],"spartanweaponry:golden_saber":["attack:4","magic:2"],"spartanweaponry:golden_scythe":["attack:4","magic:2"],"spartanweaponry:golden_spear":["attack:4","magic:2"],"spartanweaponry:golden_throwing_knife":["attack:4","magic:2"],"spartanweaponry:golden_tomahawk":["attack:4","magic:2"],"spartanweaponry:golden_warhammer":["attack:4","magic:2"],"spartanweaponry:diamond_battle_hammer":["attack:16"],"spartanweaponry:diamond_battleaxe":["attack:16"],"spartanweaponry:diamond_boomerang":["attack:16"],"spartanweaponry:diamond_dagger":["attack:16"],"spartanweaponry:diamond_flanged_mace":["attack:16"],"spartanweaponry:diamond_glaive":["attack:16"],"spartanweaponry:diamond_greatsword":["attack:16"],"spartanweaponry:diamond_halberd":["attack:16"],"spartanweaponry:diamond_heavy_crossbow":["attack:16","agility:16"],"spartanweaponry:diamond_javelin":["attack:16"],"spartanweaponry:diamond_katana":["attack:16"],"spartanweaponry:diamond_lance":["attack:16"],"spartanweaponry:diamond_longbow":["attack:16"],"spartanweaponry:diamond_longsword":["attack:16"],"spartanweaponry:diamond_parrying_dagger":["attack:16"],"spartanweaponry:diamond_pike":["attack:16"],"spartanweaponry:diamond_quarterstaff":["attack:16"],"spartanweaponry:diamond_rapier":["attack:16"],"spartanweaponry:diamond_saber":["attack:16"],"spartanweaponry:diamond_scythe":["attack:16"],"spartanweaponry:diamond_spear":["attack:16"],"spartanweaponry:diamond_throwing_knife":["attack:16"],"spartanweaponry:diamond_tomahawk":["attack:16"],"spartanweaponry:diamond_warhammer":["attack:16"],"spartanweaponry:netherite_battle_hammer":["attack:25"],"spartanweaponry:netherite_battleaxe":["attack:25"],"spartanweaponry:netherite_boomerang":["attack:25"],"spartanweaponry:netherite_dagger":["attack:25"],"spartanweaponry:netherite_flanged_mace":["attack:25"],"spartanweaponry:netherite_glaive":["attack:25"],"spartanweaponry:netherite_greatsword":["attack:25"],"spartanweaponry:netherite_halberd":["attack:25"],"spartanweaponry:netherite_heavy_crossbow":["attack:25","agility:25"],"spartanweaponry:netherite_javelin":["attack:25"],"spartanweaponry:netherite_katana":["attack:25"],"spartanweaponry:netherite_lance":["attack:25"],"spartanweaponry:netherite_longbow":["attack:25"],"spartanweaponry:netherite_longsword":["attack:25"],"spartanweaponry:netherite_parrying_dagger":["attack:25"],"spartanweaponry:netherite_pike":["attack:25"],"spartanweaponry:netherite_quarterstaff":["attack:25"],"spartanweaponry:netherite_rapier":["attack:25"],"spartanweaponry:netherite_saber":["attack:25"],"spartanweaponry:netherite_scythe":["attack:25"],"spartanweaponry:netherite_spear":["attack:25"],"spartanweaponry:netherite_throwing_knife":["attack:25"],"spartanweaponry:netherite_tomahawk":["attack:25"],"spartanweaponry:netherite_warhammer":["attack:25"],"spartanweaponry:silver_battle_hammer":["attack:6","magic:2"],"spartanweaponry:silver_battleaxe":["attack:6","magic:2"],"spartanweaponry:silver_boomerang":["attack:6","magic:2"],"spartanweaponry:silver_dagger":["attack:6","magic:2"],"spartanweaponry:silver_flanged_mace":["attack:6","magic:2"],"spartanweaponry:silver_glaive":["attack:6","magic:2"],"spartanweaponry:silver_greatsword":["attack:6","magic:2"],"spartanweaponry:silver_halberd":["attack:6","magic:2"],"spartanweaponry:silver_heavy_crossbow":["attack:6","magic:2","agility:6"],"spartanweaponry:silver_javelin":["attack:6","magic:2"],"spartanweaponry:silver_katana":["attack:6","magic:2"],"spartanweaponry:silver_lance":["attack:6","magic:2"],"spartanweaponry:silver_longbow":["attack:6","magic:2"],"spartanweaponry:silver_longsword":["attack:6","magic:2"],"spartanweaponry:silver_parrying_dagger":["attack:6","magic:2"],"spartanweaponry:silver_pike":["attack:6","magic:2"],"spartanweaponry:silver_quarterstaff":["attack:6","magic:2"],"spartanweaponry:silver_rapier":["attack:6","magic:2"],"spartanweaponry:silver_saber":["attack:6","magic:2"],"spartanweaponry:silver_scythe":["attack:6","magic:2"],"spartanweaponry:silver_spear":["attack:6","magic:2"],"spartanweaponry:silver_throwing_knife":["attack:6","magic:2"],"spartanweaponry:silver_tomahawk":["attack:6","magic:2"],"spartanweaponry:silver_warhammer":["attack:6","magic:2"],"spartanfire:dragon_bone_battle_hammer":["attack:25"],"spartanfire:dragon_bone_battleaxe":["attack:25"],"spartanfire:dragon_bone_boomerang":["attack:25"],"spartanfire:dragon_bone_dagger":["attack:25"],"spartanfire:dragon_bone_flanged_mace":["attack:25"],"spartanfire:dragon_bone_glaive":["attack:25"],"spartanfire:dragon_bone_greatsword":["attack:25"],"spartanfire:dragon_bone_halberd":["attack:25"],"spartanfire:dragon_bone_heavy_crossbow":["attack:25","agility:25"],"spartanfire:dragon_bone_javelin":["attack:25"],"spartanfire:dragon_bone_katana":["attack:25"],"spartanfire:dragon_bone_lance":["attack:25"],"spartanfire:dragon_bone_longbow":["attack:25"],"spartanfire:dragon_bone_longsword":["attack:25"],"spartanfire:dragon_bone_parrying_dagger":["attack:25"],"spartanfire:dragon_bone_pike":["attack:25"],"spartanfire:dragon_bone_quarterstaff":["attack:25"],"spartanfire:dragon_bone_rapier":["attack:25"],"spartanfire:dragon_bone_saber":["attack:25"],"spartanfire:dragon_bone_scythe":["attack:25"],"spartanfire:dragon_bone_spear":["attack:25"],"spartanfire:dragon_bone_throwing_knife":["attack:25"],"spartanfire:dragon_bone_tomahawk":["attack:25"],"spartanfire:dragon_bone_warhammer":["attack:25"],"spartanfire:flamed_dragon_bone_battle_hammer":["attack:28","magic:20"],"spartanfire:flamed_dragon_bone_battleaxe":["attack:28","magic:20"],"spartanfire:flamed_dragon_bone_boomerang":["attack:28","magic:20"],"spartanfire:flamed_dragon_bone_dagger":["attack:28","magic:20"],"spartanfire:flamed_dragon_bone_flanged_mace":["attack:28","magic:20"],"spartanfire:flamed_dragon_bone_glaive":["attack:28","magic:20"],"spartanfire:flamed_dragon_bone_greatsword":["attack:28","magic:20"],"spartanfire:flamed_dragon_bone_halberd":["attack:28","magic:20"],"spartanfire:flamed_dragon_bone_heavy_crossbow":["attack:28","magic:20","agility:28"],"spartanfire:flamed_dragon_bone_javelin":["attack:28","magic:20"],"spartanfire:flamed_dragon_bone_katana":["attack:28","magic:20"],"spartanfire:flamed_dragon_bone_lance":["attack:28","magic:20"],"spartanfire:flamed_dragon_bone_longbow":["attack:28","magic:20"],"spartanfire:flamed_dragon_bone_longsword":["attack:28","magic:20"],"spartanfire:flamed_dragon_bone_parrying_dagger":["attack:28","magic:20"],"spartanfire:flamed_dragon_bone_pike":["attack:28","magic:20"],"spartanfire:flamed_dragon_bone_quarterstaff":["attack:28","magic:20"],"spartanfire:flamed_dragon_bone_rapier":["attack:28","magic:20"],"spartanfire:flamed_dragon_bone_saber":["attack:28","magic:20"],"spartanfire:flamed_dragon_bone_scythe":["attack:28","magic:20"],"spartanfire:flamed_dragon_bone_spear":["attack:28","magic:20"],"spartanfire:flamed_dragon_bone_throwing_knife":["attack:28","magic:20"],"spartanfire:flamed_dragon_bone_tomahawk":["attack:28","magic:20"],"spartanfire:flamed_dragon_bone_warhammer":["attack:28","magic:20"],"spartanfire:iced_dragon_bone_battle_hammer":["attack:28","magic:20"],"spartanfire:iced_dragon_bone_battleaxe":["attack:28","magic:20"],"spartanfire:iced_dragon_bone_boomerang":["attack:28","magic:20"],"spartanfire:iced_dragon_bone_dagger":["attack:28","magic:20"],"spartanfire:iced_dragon_bone_flanged_mace":["attack:28","magic:20"],"spartanfire:iced_dragon_bone_glaive":["attack:28","magic:20"],"spartanfire:iced_dragon_bone_greatsword":["attack:28","magic:20"],"spartanfire:iced_dragon_bone_halberd":["attack:28","magic:20"],"spartanfire:iced_dragon_bone_heavy_crossbow":["attack:28","magic:20","agility:28"],"spartanfire:iced_dragon_bone_javelin":["attack:28","magic:20"],"spartanfire:iced_dragon_bone_katana":["attack:28","magic:20"],"spartanfire:iced_dragon_bone_lance":["attack:28","magic:20"],"spartanfire:iced_dragon_bone_longbow":["attack:28","magic:20"],"spartanfire:iced_dragon_bone_longsword":["attack:28","magic:20"],"spartanfire:iced_dragon_bone_parrying_dagger":["attack:28","magic:20"],"spartanfire:iced_dragon_bone_pike":["attack:28","magic:20"],"spartanfire:iced_dragon_bone_quarterstaff":["attack:28","magic:20"],"spartanfire:iced_dragon_bone_rapier":["attack:28","magic:20"],"spartanfire:iced_dragon_bone_saber":["attack:28","magic:20"],"spartanfire:iced_dragon_bone_scythe":["attack:28","magic:20"],"spartanfire:iced_dragon_bone_spear":["attack:28","magic:20"],"spartanfire:iced_dragon_bone_throwing_knife":["attack:28","magic:20"],"spartanfire:iced_dragon_bone_tomahawk":["attack:28","magic:20"],"spartanfire:iced_dragon_bone_warhammer":["attack:28","magic:20"],"spartanfire:lightning_dragon_bone_battle_hammer":["attack:28","magic:20"],"spartanfire:lightning_dragon_bone_battleaxe":["attack:28","magic:20"],"spartanfire:lightning_dragon_bone_boomerang":["attack:28","magic:20"],"spartanfire:lightning_dragon_bone_dagger":["attack:28","magic:20"],"spartanfire:lightning_dragon_bone_flanged_mace":["attack:28","magic:20"],"spartanfire:lightning_dragon_bone_glaive":["attack:28","magic:20"],"spartanfire:lightning_dragon_bone_greatsword":["attack:28","magic:20"],"spartanfire:lightning_dragon_bone_halberd":["attack:28","magic:20"],"spartanfire:lightning_dragon_bone_heavy_crossbow":["attack:28","magic:20","agility:28"],"spartanfire:lightning_dragon_bone_javelin":["attack:28","magic:20"],"spartanfire:lightning_dragon_bone_katana":["attack:28","magic:20"],"spartanfire:lightning_dragon_bone_lance":["attack:28","magic:20"],"spartanfire:lightning_dragon_bone_longbow":["attack:28","magic:20"],"spartanfire:lightning_dragon_bone_longsword":["attack:28","magic:20"],"spartanfire:lightning_dragon_bone_parrying_dagger":["attack:28","magic:20"],"spartanfire:lightning_dragon_bone_pike":["attack:28","magic:20"],"spartanfire:lightning_dragon_bone_quarterstaff":["attack:28","magic:20"],"spartanfire:lightning_dragon_bone_rapier":["attack:28","magic:20"],"spartanfire:lightning_dragon_bone_saber":["attack:28","magic:20"],"spartanfire:lightning_dragon_bone_scythe":["attack:28","magic:20"],"spartanfire:lightning_dragon_bone_spear":["attack:28","magic:20"],"spartanfire:lightning_dragon_bone_throwing_knife":["attack:28","magic:20"],"spartanfire:lightning_dragon_bone_tomahawk":["attack:28","magic:20"],"spartanfire:lightning_dragon_bone_warhammer":["attack:28","magic:20"],"spartanfire:desert_myrmex_chitin_battle_hammer":["attack:10"],"spartanfire:desert_myrmex_chitin_battleaxe":["attack:10"],"spartanfire:desert_myrmex_chitin_boomerang":["attack:10"],"spartanfire:desert_myrmex_chitin_dagger":["attack:10"],"spartanfire:desert_myrmex_chitin_flanged_mace":["attack:10"],"spartanfire:desert_myrmex_chitin_glaive":["attack:10"],"spartanfire:desert_myrmex_chitin_greatsword":["attack:10"],"spartanfire:desert_myrmex_chitin_halberd":["attack:10"],"spartanfire:desert_myrmex_chitin_heavy_crossbow":["attack:10","agility:10"],"spartanfire:desert_myrmex_chitin_javelin":["attack:10"],"spartanfire:desert_myrmex_chitin_katana":["attack:10"],"spartanfire:desert_myrmex_chitin_lance":["attack:10"],"spartanfire:desert_myrmex_chitin_longbow":["attack:10"],"spartanfire:desert_myrmex_chitin_longsword":["attack:10"],"spartanfire:desert_myrmex_chitin_parrying_dagger":["attack:10"],"spartanfire:desert_myrmex_chitin_pike":["attack:10"],"spartanfire:desert_myrmex_chitin_quarterstaff":["attack:10"],"spartanfire:desert_myrmex_chitin_rapier":["attack:10"],"spartanfire:desert_myrmex_chitin_saber":["attack:10"],"spartanfire:desert_myrmex_chitin_scythe":["attack:10"],"spartanfire:desert_myrmex_chitin_spear":["attack:10"],"spartanfire:desert_myrmex_chitin_throwing_knife":["attack:10"],"spartanfire:desert_myrmex_chitin_tomahawk":["attack:10"],"spartanfire:desert_myrmex_chitin_warhammer":["attack:10"],"spartanfire:desert_myrmex_stinger_battle_hammer":["attack:12"],"spartanfire:desert_myrmex_stinger_battleaxe":["attack:12"],"spartanfire:desert_myrmex_stinger_boomerang":["attack:12"],"spartanfire:desert_myrmex_stinger_dagger":["attack:12"],"spartanfire:desert_myrmex_stinger_flanged_mace":["attack:12"],"spartanfire:desert_myrmex_stinger_glaive":["attack:12"],"spartanfire:desert_myrmex_stinger_greatsword":["attack:12"],"spartanfire:desert_myrmex_stinger_halberd":["attack:12"],"spartanfire:desert_myrmex_stinger_heavy_crossbow":["attack:12","agility:10"],"spartanfire:desert_myrmex_stinger_javelin":["attack:12"],"spartanfire:desert_myrmex_stinger_katana":["attack:12"],"spartanfire:desert_myrmex_stinger_lance":["attack:12"],"spartanfire:desert_myrmex_stinger_longbow":["attack:12"],"spartanfire:desert_myrmex_stinger_longsword":["attack:12"],"spartanfire:desert_myrmex_stinger_parrying_dagger":["attack:12"],"spartanfire:desert_myrmex_stinger_pike":["attack:12"],"spartanfire:desert_myrmex_stinger_quarterstaff":["attack:12"],"spartanfire:desert_myrmex_stinger_rapier":["attack:12"],"spartanfire:desert_myrmex_stinger_saber":["attack:12"],"spartanfire:desert_myrmex_stinger_scythe":["attack:12"],"spartanfire:desert_myrmex_stinger_spear":["attack:12"],"spartanfire:desert_myrmex_stinger_throwing_knife":["attack:12"],"spartanfire:desert_myrmex_stinger_tomahawk":["attack:12"],"spartanfire:desert_myrmex_stinger_warhammer":["attack:12"],"spartanfire:jungle_myrmex_chitin_battle_hammer":["attack:10"],"spartanfire:jungle_myrmex_chitin_battleaxe":["attack:10"],"spartanfire:jungle_myrmex_chitin_boomerang":["attack:10"],"spartanfire:jungle_myrmex_chitin_dagger":["attack:10"],"spartanfire:jungle_myrmex_chitin_flanged_mace":["attack:10"],"spartanfire:jungle_myrmex_chitin_glaive":["attack:10"],"spartanfire:jungle_myrmex_chitin_greatsword":["attack:10"],"spartanfire:jungle_myrmex_chitin_halberd":["attack:10"],"spartanfire:jungle_myrmex_chitin_heavy_crossbow":["attack:10","agility:10"],"spartanfire:jungle_myrmex_chitin_javelin":["attack:10"],"spartanfire:jungle_myrmex_chitin_katana":["attack:10"],"spartanfire:jungle_myrmex_chitin_lance":["attack:10"],"spartanfire:jungle_myrmex_chitin_longbow":["attack:10"],"spartanfire:jungle_myrmex_chitin_longsword":["attack:10"],"spartanfire:jungle_myrmex_chitin_parrying_dagger":["attack:10"],"spartanfire:jungle_myrmex_chitin_pike":["attack:10"],"spartanfire:jungle_myrmex_chitin_quarterstaff":["attack:10"],"spartanfire:jungle_myrmex_chitin_rapier":["attack:10"],"spartanfire:jungle_myrmex_chitin_saber":["attack:10"],"spartanfire:jungle_myrmex_chitin_scythe":["attack:10"],"spartanfire:jungle_myrmex_chitin_spear":["attack:10"],"spartanfire:jungle_myrmex_chitin_throwing_knife":["attack:10"],"spartanfire:jungle_myrmex_chitin_tomahawk":["attack:10"],"spartanfire:jungle_myrmex_chitin_warhammer":["attack:10"],"spartanfire:jungle_myrmex_stinger_battle_hammer":["attack:12"],"spartanfire:jungle_myrmex_stinger_battleaxe":["attack:12"],"spartanfire:jungle_myrmex_stinger_boomerang":["attack:12"],"spartanfire:jungle_myrmex_stinger_dagger":["attack:12"],"spartanfire:jungle_myrmex_stinger_flanged_mace":["attack:12"],"spartanfire:jungle_myrmex_stinger_glaive":["attack:12"],"spartanfire:jungle_myrmex_stinger_greatsword":["attack:12"],"spartanfire:jungle_myrmex_stinger_halberd":["attack:12"],"spartanfire:jungle_myrmex_stinger_heavy_crossbow":["attack:12","agility:10"],"spartanfire:jungle_myrmex_stinger_javelin":["attack:12"],"spartanfire:jungle_myrmex_stinger_katana":["attack:12"],"spartanfire:jungle_myrmex_stinger_lance":["attack:12"],"spartanfire:jungle_myrmex_stinger_longbow":["attack:12"],"spartanfire:jungle_myrmex_stinger_longsword":["attack:12"],"spartanfire:jungle_myrmex_stinger_parrying_dagger":["attack:12"],"spartanfire:jungle_myrmex_stinger_pike":["attack:12"],"spartanfire:jungle_myrmex_stinger_quarterstaff":["attack:12"],"spartanfire:jungle_myrmex_stinger_rapier":["attack:12"],"spartanfire:jungle_myrmex_stinger_saber":["attack:12"],"spartanfire:jungle_myrmex_stinger_scythe":["attack:12"],"spartanfire:jungle_myrmex_stinger_spear":["attack:12"],"spartanfire:jungle_myrmex_stinger_throwing_knife":["attack:12"],"spartanfire:jungle_myrmex_stinger_tomahawk":["attack:12"],"spartanfire:jungle_myrmex_stinger_warhammer":["attack:12"],"spartanfire:fire_dragonsteel_battle_hammer":["attack:50"],"spartanfire:fire_dragonsteel_battleaxe":["attack:50"],"spartanfire:fire_dragonsteel_boomerang":["attack:50"],"spartanfire:fire_dragonsteel_dagger":["attack:50"],"spartanfire:fire_dragonsteel_flanged_mace":["attack:50"],"spartanfire:fire_dragonsteel_glaive":["attack:50"],"spartanfire:fire_dragonsteel_greatsword":["attack:50"],"spartanfire:fire_dragonsteel_halberd":["attack:50"],"spartanfire:fire_dragonsteel_heavy_crossbow":["attack:50","agility:50"],"spartanfire:fire_dragonsteel_javelin":["attack:50"],"spartanfire:fire_dragonsteel_katana":["attack:50"],"spartanfire:fire_dragonsteel_lance":["attack:50"],"spartanfire:fire_dragonsteel_longbow":["attack:50"],"spartanfire:fire_dragonsteel_longsword":["attack:50"],"spartanfire:fire_dragonsteel_parrying_dagger":["attack:50"],"spartanfire:fire_dragonsteel_pike":["attack:50"],"spartanfire:fire_dragonsteel_quarterstaff":["attack:50"],"spartanfire:fire_dragonsteel_rapier":["attack:50"],"spartanfire:fire_dragonsteel_saber":["attack:50"],"spartanfire:fire_dragonsteel_scythe":["attack:50"],"spartanfire:fire_dragonsteel_spear":["attack:50"],"spartanfire:fire_dragonsteel_throwing_knife":["attack:50"],"spartanfire:fire_dragonsteel_tomahawk":["attack:50"],"spartanfire:fire_dragonsteel_warhammer":["attack:50"],"spartanfire:ice_dragonsteel_battle_hammer":["attack:50"],"spartanfire:ice_dragonsteel_battleaxe":["attack:50"],"spartanfire:ice_dragonsteel_boomerang":["attack:50"],"spartanfire:ice_dragonsteel_dagger":["attack:50"],"spartanfire:ice_dragonsteel_flanged_mace":["attack:50"],"spartanfire:ice_dragonsteel_glaive":["attack:50"],"spartanfire:ice_dragonsteel_greatsword":["attack:50"],"spartanfire:ice_dragonsteel_halberd":["attack:50"],"spartanfire:ice_dragonsteel_heavy_crossbow":["attack:50","agility:50"],"spartanfire:ice_dragonsteel_javelin":["attack:50"],"spartanfire:ice_dragonsteel_katana":["attack:50"],"spartanfire:ice_dragonsteel_lance":["attack:50"],"spartanfire:ice_dragonsteel_longbow":["attack:50"],"spartanfire:ice_dragonsteel_longsword":["attack:50"],"spartanfire:ice_dragonsteel_parrying_dagger":["attack:50"],"spartanfire:ice_dragonsteel_pike":["attack:50"],"spartanfire:ice_dragonsteel_quarterstaff":["attack:50"],"spartanfire:ice_dragonsteel_rapier":["attack:50"],"spartanfire:ice_dragonsteel_saber":["attack:50"],"spartanfire:ice_dragonsteel_scythe":["attack:50"],"spartanfire:ice_dragonsteel_spear":["attack:50"],"spartanfire:ice_dragonsteel_throwing_knife":["attack:50"],"spartanfire:ice_dragonsteel_tomahawk":["attack:50"],"spartanfire:ice_dragonsteel_warhammer":["attack:50"],"spartanfire:lightning_dragonsteel_battle_hammer":["attack:50"],"spartanfire:lightning_dragonsteel_battleaxe":["attack:50"],"spartanfire:lightning_dragonsteel_boomerang":["attack:50"],"spartanfire:lightning_dragonsteel_dagger":["attack:50"],"spartanfire:lightning_dragonsteel_flanged_mace":["attack:50"],"spartanfire:lightning_dragonsteel_glaive":["attack:50"],"spartanfire:lightning_dragonsteel_greatsword":["attack:50"],"spartanfire:lightning_dragonsteel_halberd":["attack:50"],"spartanfire:lightning_dragonsteel_heavy_crossbow":["attack:50","agility:50"],"spartanfire:lightning_dragonsteel_javelin":["attack:50"],"spartanfire:lightning_dragonsteel_katana":["attack:50"],"spartanfire:lightning_dragonsteel_lance":["attack:50"],"spartanfire:lightning_dragonsteel_longbow":["attack:50"],"spartanfire:lightning_dragonsteel_longsword":["attack:50"],"spartanfire:lightning_dragonsteel_parrying_dagger":["attack:50"],"spartanfire:lightning_dragonsteel_pike":["attack:50"],"spartanfire:lightning_dragonsteel_quarterstaff":["attack:50"],"spartanfire:lightning_dragonsteel_rapier":["attack:50"],"spartanfire:lightning_dragonsteel_saber":["attack:50"],"spartanfire:lightning_dragonsteel_scythe":["attack:50"],"spartanfire:lightning_dragonsteel_spear":["attack:50"],"spartanfire:lightning_dragonsteel_throwing_knife":["attack:50"],"spartanfire:lightning_dragonsteel_tomahawk":["attack:50"],"spartanfire:lightning_dragonsteel_warhammer":["attack:50"],"spartanshields:golden_tower_shield":["defense:4","magic:2"],"spartanshields:iron_tower_shield":["defense:8"],"spartanshields:iron_basic_shield":["defense:8"],"spartanshields:silver_basic_shield":["defense:6","magic:2"],"spartanshields:diamond_basic_shield":["defense:16"],"spartanshields:netherite_tower_shield":["defense:25"],"spartanshields:silver_tower_shield":["defense:6","magic:2"],"spartanshields:obsidian_basic_shield":["defense:12"],"spartanshields:obsidian_tower_shield":["defense:12"],"spartanshields:netherite_basic_shield":["defense:25"],"spartanshields:diamond_tower_shield":["defense:16"],"spartanshields:golden_basic_shield":["defense:4","magic:2"],"spartanweaponry:wooden_longbow":["agility:4"],"spartanweaponry:leather_longbow":["agility:4"],"spartanweaponry:copper_longbow":["agility:4"],"spartanweaponry:wooden_heavy_crossbow":["agility:4"],"spartanweaponry:leather_heavy_crossbow":["agility:4"],"spartanweaponry:copper_heavy_crossbow":["agility:4"],"astikorcarts:animal_cart":["building:10"],"astikorcarts:supply_cart":["building:10"],"astikorcarts:plow":["farming:12","building:12"],"mobs_of_mythology:kobold_spear":["attack:8","agility:8"],"legendarysurvivaloverhaul:first_aid_supplies":["gathering:25"],"legendarysurvivaloverhaul:heat_resistance_ring":["gathering:10"],"legendarysurvivaloverhaul:cold_resistance_ring":["gathering:10"],"legendarysurvivaloverhaul:thermal_resistance_ring":["gathering:10"]}}